DEPARTAMENTO,MUNICIPIO
ANTIOQUIA,MEDELLÍN
ANTIOQUIA,ABEJORRAL
ANTIOQUIA,ABRIAQUÍ
ANTIOQUIA,ALEJANDRÍA
ANTIOQUIA,AMAGÁ
ANTIOQUIA,AMALFI
ANTIOQUIA,ANDES
ANTIOQUIA,ANGELÓPOLIS
ANTIOQUIA,ANGOSTURA
ANTIOQUIA,ANORÍ
SANTANDER,CHIMÁ
ANTIOQUIA,ANZA
ANTIOQUIA,APARTADÓ
ANTIOQUIA,ARBOLETES
ANTIOQUIA,ARGELIA
ANTIOQUIA,ARMENIA
ANTIOQUIA,BARBOSA
ANTIOQUIA,BELLO 
ANTIOQUIA,BETANIA
ANTIOQUIA,BETULIA
ANTIOQUIA,CIUDAD BOLÍVAR
ANTIOQUIA,BRICEÑO
ANTIOQUIA,BURITICÁ
ANTIOQUIA,CÁCERES
ANTIOQUIA,CAICEDO
ANTIOQUIA,CALDAS
ANTIOQUIA,CAMPAMENTO
ANTIOQUIA,CAÑASGORDAS
ANTIOQUIA,CARACOLÍ
ANTIOQUIA,CARAMANTA
ANTIOQUIA,CAREPA
SUCRE,SAMPUÉS
ANTIOQUIA,CAROLINA
ANTIOQUIA,CAUCASIA
ANTIOQUIA,CHIGORODÓ
ANTIOQUIA,CISNEROS
ANTIOQUIA,COCORNÁ
ANTIOQUIA,CONCEPCIÓN
ANTIOQUIA,CONCORDIA
ANTIOQUIA,COPACABANA
ANTIOQUIA,DABEIBA
ANTIOQUIA,DON MATÍAS
ANTIOQUIA,EBÉJICO
ANTIOQUIA,EL BAGRE
ANTIOQUIA,ENTRERRIOS
ANTIOQUIA,ENVIGADO
ANTIOQUIA,FREDONIA
ANTIOQUIA,GIRALDO
ANTIOQUIA,GIRARDOTA
ANTIOQUIA,GÓMEZ PLATA
CASANARE,NUNCHÍA
ANTIOQUIA,GUADALUPE
ANTIOQUIA,GUARNE
ANTIOQUIA,GUATAPÉ
ANTIOQUIA,HELICONIA
ANTIOQUIA,HISPANIA
ANTIOQUIA,ITAGÜÍ
ANTIOQUIA,ITUANGO
NORTE DE SANTANDER,PAMPLONA
ANTIOQUIA,JERICÓ
ANTIOQUIA,LA CEJA
ANTIOQUIA,LA ESTRELLA
ANTIOQUIA,LA PINTADA
ANTIOQUIA,LA UNIÓN
ANTIOQUIA,LIBORINA
ANTIOQUIA,MACEO
ANTIOQUIA,MARINILLA
ANTIOQUIA,MONTEBELLO
ANTIOQUIA,MURINDÓ
ANTIOQUIA,MUTATÁ
ANTIOQUIA,NARIÑO
ANTIOQUIA,NECOCLÍ
ANTIOQUIA,NECHÍ
ANTIOQUIA,OLAYA
ANTIOQUIA,PEÑOL
ANTIOQUIA,PEQUE
ANTIOQUIA,PUEBLORRICO
ANTIOQUIA,PUERTO BERRÍO
ANTIOQUIA,PUERTO NARE
ANTIOQUIA,PUERTO TRIUNFO
ANTIOQUIA,REMEDIOS
ANTIOQUIA,RETIRO
ANTIOQUIA,RIONEGRO
ANTIOQUIA,SABANALARGA
ANTIOQUIA,SABANETA
ANTIOQUIA,SALGAR
CUNDINAMARCA,ALBÁN
VAUPÉS,YAVARATÉ
ANTIOQUIA,SAN FRANCISCO
ANTIOQUIA,SAN JERÓNIMO
CÓRDOBA,MONTELÍBANO
PUTUMAYO,PUERTO ASÍS
ANTIOQUIA,SAN LUIS
ANTIOQUIA,SAN PEDRO
SUCRE,COROZAL
ANTIOQUIA,SAN RAFAEL
ANTIOQUIA,SAN ROQUE
ANTIOQUIA,SAN VICENTE
ANTIOQUIA,SANTA BÁRBARA
NARIÑO,BUESACO
ANTIOQUIA,SANTO DOMINGO
ANTIOQUIA,EL SANTUARIO
ANTIOQUIA,SEGOVIA
ANTIOQUIA,SOPETRÁN
ANTIOQUIA,TÁMESIS
ANTIOQUIA,TARAZÁ
ANTIOQUIA,TARSO
ANTIOQUIA,TITIRIBÍ
ANTIOQUIA,TOLEDO
ANTIOQUIA,TURBO
ANTIOQUIA,URAMITA
ANTIOQUIA,URRAO
ANTIOQUIA,VALDIVIA
ANTIOQUIA,VALPARAÍSO
ANTIOQUIA,VEGACHÍ
ANTIOQUIA,VENECIA
CASANARE,MANÍ
ANTIOQUIA,YALÍ
ANTIOQUIA,YARUMAL
ANTIOQUIA,YOLOMBÓ
ANTIOQUIA,YONDÓ
ANTIOQUIA,ZARAGOZA
ATLÁNTICO,BARRANQUILLA
ATLÁNTICO,BARANOA
BOLÍVAR,EL PEÑÓN
ATLÁNTICO,CANDELARIA
ATLÁNTICO,GALAPA
VALLE DEL CAUCA,TULUÁ
TOLIMA,CASABIANCA
ATLÁNTICO,LURUACO
ATLÁNTICO,MALAMBO
ATLÁNTICO,MANATÍ
CUNDINAMARCA,ANOLAIMA
ATLÁNTICO,PIOJÓ
ATLÁNTICO,POLONUEVO
CUNDINAMARCA,CHÍA
NARIÑO,SAN ANDRÉS DE TUMACO
ATLÁNTICO,SABANAGRANDE
ATLÁNTICO,SABANALARGA
ATLÁNTICO,SANTA LUCÍA
ATLÁNTICO,SANTO TOMÁS
ATLÁNTICO,SOLEDAD
ATLÁNTICO,SUAN
ATLÁNTICO,TUBARÁ
ATLÁNTICO,USIACURÍ
CAQUETÁ,MILÁN
SANTANDER,CAPITANEJO
BOLÍVAR,ACHÍ
TOLIMA,ANZOÁTEGUI
BOLÍVAR,ARENAL
BOLÍVAR,ARJONA
BOLÍVAR,ARROYOHONDO
VALLE DEL CAUCA,FLORIDA
BOLÍVAR,CALAMAR
BOLÍVAR,CANTAGALLO
BOLÍVAR,CICUCO
BOLÍVAR,CÓRDOBA
BOLÍVAR,CLEMENCIA
ATLÁNTICO,REPELÓN
BOLÍVAR,EL GUAMO
ANTIOQUIA,FRONTINO
BOLÍVAR,MAGANGUÉ
BOLÍVAR,MAHATES
BOLÍVAR,MARGARITA
BOLÍVAR,MONTECRISTO
BOLÍVAR,MOMPÓS
BOLÍVAR,MORALES
BOLÍVAR,NOROSÍ
BOLÍVAR,PINILLOS
BOLÍVAR,REGIDOR
BOLÍVAR,RÍO VIEJO
BOLÍVAR,SAN ESTANISLAO
BOLÍVAR,SAN FERNANDO
CUNDINAMARCA,EL PEÑÓN
NORTE DE SANTANDER,PAMPLONITA
BOLÍVAR,SAN JUAN NEPOMUCENO
AMAZONAS,MIRITI PARANÁ
CASANARE,TÁMARA
BOLÍVAR,SANTA CATALINA
BOLÍVAR,SANTA ROSA
BOYACÁ,TIBASOSA
BOLÍVAR,SIMITÍ
BOLÍVAR,SOPLAVIENTO
BOLÍVAR,TALAIGUA NUEVO
BOLÍVAR,TIQUISIO
BOLÍVAR,TURBACO
BOLÍVAR,TURBANÁ
BOLÍVAR,VILLANUEVA
CAUCA,PÁEZ
BOYACÁ,TUNJA
BOYACÁ,ALMEIDA
BOYACÁ,AQUITANIA
BOYACÁ,ARCABUCO
TOLIMA,IBAGUÉ
BOYACÁ,BERBEO
BOYACÁ,BETÉITIVA
BOYACÁ,BOAVITA
BOYACÁ,BOYACÁ
BOYACÁ,BRICEÑO
BOYACÁ,BUENA VISTA
BOYACÁ,BUSBANZÁ
BOYACÁ,CALDAS
BOYACÁ,CAMPOHERMOSO
BOYACÁ,CERINZA
BOYACÁ,CHINAVITA
BOYACÁ,CHIQUINQUIRÁ
BOYACÁ,CHISCAS
BOYACÁ,CHITA
BOYACÁ,CHITARAQUE
BOYACÁ,CHIVATÁ
BOYACÁ,CÓMBITA
BOYACÁ,COPER
BOYACÁ,CORRALES
BOYACÁ,COVARACHÍA
BOYACÁ,CUBARÁ
BOYACÁ,CUCAITA
BOYACÁ,CUÍTIVA
BOYACÁ,CHÍQUIZA
BOYACÁ,CHIVOR
BOYACÁ,DUITAMA
BOYACÁ,EL COCUY
BOYACÁ,EL ESPINO
BOYACÁ,FIRAVITOBA
BOYACÁ,FLORESTA
BOYACÁ,GACHANTIVÁ
BOYACÁ,GAMEZA
BOYACÁ,GARAGOA
BOYACÁ,GUACAMAYAS
BOYACÁ,GUATEQUE
BOYACÁ,GUAYATÁ
BOYACÁ,GÜICÁN
BOYACÁ,IZA
BOYACÁ,JENESANO
BOYACÁ,JERICÓ
BOYACÁ,LABRANZAGRANDE
BOYACÁ,LA CAPILLA
BOYACÁ,LA VICTORIA
ATLÁNTICO,PUERTO COLOMBIA
NARIÑO,BELÉN
BOYACÁ,MACANAL
BOYACÁ,MARIPÍ
BOYACÁ,MIRAFLORES
BOYACÁ,MONGUA
BOYACÁ,MONGUÍ
BOYACÁ,MONIQUIRÁ
BOYACÁ,MUZO
BOYACÁ,NOBSA
BOYACÁ,NUEVO COLÓN
BOYACÁ,OICATÁ
BOYACÁ,OTANCHE
BOYACÁ,PACHAVITA
BOYACÁ,PÁEZ
BOYACÁ,PAIPA
BOYACÁ,PAJARITO
BOYACÁ,PANQUEBA
BOYACÁ,PAUNA
BOYACÁ,PAYA
CUNDINAMARCA,SOPÓ
BOYACÁ,PESCA
BOYACÁ,PISBA
BOYACÁ,PUERTO BOYACÁ
BOYACÁ,QUÍPAMA
BOYACÁ,RAMIRIQUÍ
BOYACÁ,RÁQUIRA
BOYACÁ,RONDÓN
BOYACÁ,SABOYÁ
BOYACÁ,SÁCHICA
BOYACÁ,SAMACÁ
BOYACÁ,SAN EDUARDO
CHOCÓ,CARMEN DEL DARIEN
CUNDINAMARCA,GAMA
BOYACÁ,SAN MATEO
CUNDINAMARCA,SASAIMA
NARIÑO,CHACHAGÜÍ
BOYACÁ,SANTANA
BOYACÁ,SANTA MARÍA
NORTE DE SANTANDER,CÚCUTA
BOYACÁ,SANTA SOFÍA
BOYACÁ,SATIVANORTE
BOYACÁ,SATIVASUR
BOYACÁ,SIACHOQUE
BOYACÁ,SOATÁ
BOYACÁ,SOCOTÁ
BOYACÁ,SOCHA
BOYACÁ,SOGAMOSO
BOYACÁ,SOMONDOCO
BOYACÁ,SORA
BOYACÁ,SOTAQUIRÁ
BOYACÁ,SORACÁ
BOYACÁ,SUSACÓN
BOYACÁ,SUTAMARCHÁN
BOYACÁ,SUTATENZA
BOYACÁ,TASCO
BOYACÁ,TENZA
BOYACÁ,TIBANÁ
BOYACÁ,TINJACÁ
BOYACÁ,TIPACOQUE
BOYACÁ,TOCA
BOLÍVAR,CARTAGENA
BOYACÁ,TÓPAGA
BOYACÁ,TOTA
BOYACÁ,TURMEQUÉ
ANTIOQUIA,GRANADA
BOYACÁ,TUTAZÁ
BOYACÁ,UMBITA
BOYACÁ,VENTAQUEMADA
BOYACÁ,VIRACACHÁ
BOYACÁ,ZETAQUIRA
CALDAS,MANIZALES
CALDAS,AGUADAS
CALDAS,ANSERMA
CALDAS,ARANZAZU
CALDAS,BELALCÁZAR
CALDAS,CHINCHINÁ
CALDAS,FILADELFIA
CALDAS,LA DORADA
CALDAS,LA MERCED
CALDAS,MANZANARES
CALDAS,MARMATO
CALDAS,MARULANDA
CALDAS,NEIRA
CALDAS,NORCASIA
CALDAS,PÁCORA
CALDAS,PALESTINA
CALDAS,PENSILVANIA
CALDAS,RIOSUCIO
CALDAS,RISARALDA
CALDAS,SALAMINA
CALDAS,SAMANÁ
CALDAS,SAN JOSÉ
CALDAS,SUPÍA
CALDAS,VICTORIA
CALDAS,VILLAMARÍA
CALDAS,VITERBO
CAQUETÁ,FLORENCIA
CAQUETÁ,ALBANIA
MAGDALENA,SANTA BÁRBARA DE PINTO
BOLÍVAR,MARÍA LA BAJA
CAQUETÁ,CURILLO
CAQUETÁ,EL DONCELLO
CAQUETÁ,EL PAUJIL
CAQUETÁ,MORELIA
CAQUETÁ,PUERTO RICO
CAQUETÁ,LA MONTAÑITA
CAQUETÁ,SAN VICENTE DEL CAGUÁN
CAQUETÁ,SOLANO
CAQUETÁ,SOLITA
CAQUETÁ,VALPARAÍSO
CAUCA,POPAYÁN
CAUCA,ALMAGUER
CAUCA,ARGELIA
CAUCA,BALBOA
CAUCA,BOLÍVAR
CAUCA,BUENOS AIRES
CAUCA,CAJIBÍO
CAUCA,CALDONO
CAUCA,CALOTO
CAUCA,CORINTO
CAUCA,EL TAMBO
CAUCA,FLORENCIA
CAUCA,GUACHENÉ
CAUCA,GUAPI
CAUCA,INZÁ
CAUCA,JAMBALÓ
CAUCA,LA SIERRA
CAUCA,LA VEGA
CAUCA,LÓPEZ
CAUCA,MERCADERES
CAUCA,MIRANDA
CAUCA,MORALES
CAUCA,PADILLA
CAUCA,PATÍA
CAUCA,PIAMONTE
CAUCA,PIENDAMÓ
CAUCA,PUERTO TEJADA
CAUCA,PURACÉ
CAUCA,ROSAS
SANTANDER,EL PEÑÓN
ANTIOQUIA,JARDÍN
CAUCA,SANTA ROSA
CAUCA,SILVIA
CAUCA,SOTARA
CAUCA,SUÁREZ
CAUCA,SUCRE
CAUCA,TIMBÍO
CAUCA,TIMBIQUÍ
CAUCA,TORIBIO
CAUCA,TOTORÓ
CAUCA,VILLA RICA
CESAR,VALLEDUPAR
CESAR,AGUACHICA
CESAR,AGUSTÍN CODAZZI
CESAR,ASTREA
CESAR,BECERRIL
CESAR,BOSCONIA
CESAR,CHIMICHAGUA
CESAR,CHIRIGUANÁ
CESAR,CURUMANÍ
CESAR,EL COPEY
CESAR,EL PASO
CESAR,GAMARRA
CESAR,GONZÁLEZ
CESAR,LA GLORIA
VALLE DEL CAUCA,JAMUNDÍ
CESAR,MANAURE
CESAR,PAILITAS
CESAR,PELAYA
CESAR,PUEBLO BELLO
CHOCÓ,TADÓ
CESAR,LA PAZ
CESAR,SAN ALBERTO
CESAR,SAN DIEGO
CESAR,SAN MARTÍN
CESAR,TAMALAMEQUE
CÓRDOBA,MONTERÍA
CÓRDOBA,AYAPEL
CÓRDOBA,BUENAVISTA
CÓRDOBA,CANALETE
CÓRDOBA,CERETÉ
CÓRDOBA,CHIMÁ
CÓRDOBA,CHINÚ
CASANARE,OROCUÉ
CÓRDOBA,COTORRA
TOLIMA,LÍBANO
CÓRDOBA,LORICA
CÓRDOBA,LOS CÓRDOBAS
CÓRDOBA,MOMIL
CÓRDOBA,MOÑITOS
CÓRDOBA,PLANETA RICA
CÓRDOBA,PUEBLO NUEVO
CÓRDOBA,PUERTO ESCONDIDO
CUNDINAMARCA,YACOPÍ
CÓRDOBA,PURÍSIMA
CÓRDOBA,SAHAGÚN
CÓRDOBA,SAN ANDRÉS SOTAVENTO
CÓRDOBA,SAN ANTERO
QUINDÍO,CALARCÁ
ANTIOQUIA,SONSÓN
NORTE DE SANTANDER,EL CARMEN
CÓRDOBA,SAN PELAYO
CÓRDOBA,TIERRALTA
CÓRDOBA,TUCHÍN
CÓRDOBA,VALENCIA
TOLIMA,LÉRIDA
CUNDINAMARCA,ANAPOIMA
CUNDINAMARCA,ARBELÁEZ
CUNDINAMARCA,BELTRÁN
CUNDINAMARCA,BITUIMA
CUNDINAMARCA,BOJACÁ
CUNDINAMARCA,CABRERA
CUNDINAMARCA,CACHIPAY
CUNDINAMARCA,CAJICÁ
CUNDINAMARCA,CAPARRAPÍ
CUNDINAMARCA,CAQUEZA
CÓRDOBA,LA APARTADA
CUNDINAMARCA,CHAGUANÍ
CUNDINAMARCA,CHIPAQUE
CUNDINAMARCA,CHOACHÍ
CUNDINAMARCA,CHOCONTÁ
CUNDINAMARCA,COGUA
CUNDINAMARCA,COTA
CUNDINAMARCA,CUCUNUBÁ
CUNDINAMARCA,EL COLEGIO
CUNDINAMARCA,EL ROSAL
CUNDINAMARCA,FOMEQUE
CUNDINAMARCA,FOSCA
CUNDINAMARCA,FUNZA
CUNDINAMARCA,FÚQUENE
CUNDINAMARCA,GACHALA
CUNDINAMARCA,GACHANCIPÁ
CUNDINAMARCA,GACHETÁ
BOLÍVAR,SAN CRISTÓBAL
CUNDINAMARCA,GIRARDOT
CUNDINAMARCA,GRANADA
CUNDINAMARCA,GUACHETÁ
CUNDINAMARCA,GUADUAS
CUNDINAMARCA,GUASCA
CUNDINAMARCA,GUATAQUÍ
CUNDINAMARCA,GUATAVITA
CUNDINAMARCA,FUSAGASUGÁ
CUNDINAMARCA,GUAYABETAL
CUNDINAMARCA,GUTIÉRREZ
CUNDINAMARCA,JERUSALÉN
CUNDINAMARCA,JUNÍN
CUNDINAMARCA,LA CALERA
CUNDINAMARCA,LA MESA
CUNDINAMARCA,LA PALMA
CUNDINAMARCA,LA PEÑA
CUNDINAMARCA,LA VEGA
CUNDINAMARCA,LENGUAZAQUE
CUNDINAMARCA,MACHETA
CUNDINAMARCA,MADRID
CUNDINAMARCA,MANTA
CUNDINAMARCA,MEDINA
CUNDINAMARCA,MOSQUERA
CUNDINAMARCA,NARIÑO
CUNDINAMARCA,NEMOCÓN
CUNDINAMARCA,NILO
CUNDINAMARCA,NIMAIMA
CUNDINAMARCA,NOCAIMA
CUNDINAMARCA,VENECIA
CUNDINAMARCA,PACHO
CUNDINAMARCA,PAIME
CUNDINAMARCA,PANDI
CUNDINAMARCA,PARATEBUENO
CUNDINAMARCA,PASCA
CUNDINAMARCA,PUERTO SALGAR
CUNDINAMARCA,PULÍ
CUNDINAMARCA,QUEBRADANEGRA
CUNDINAMARCA,QUETAME
CUNDINAMARCA,QUIPILE
CUNDINAMARCA,APULO
CUNDINAMARCA,RICAURTE
BOLÍVAR,ZAMBRANO
CUNDINAMARCA,SAN BERNARDO
CUNDINAMARCA,SAN CAYETANO
CUNDINAMARCA,SAN FRANCISCO
BOYACÁ,LA UVITA
CUNDINAMARCA,ZIPAQUIRÁ
CUNDINAMARCA,SESQUILÉ
CUNDINAMARCA,SIBATÉ
CUNDINAMARCA,SILVANIA
CUNDINAMARCA,SIMIJACA
CUNDINAMARCA,SOACHA
CUNDINAMARCA,SUBACHOQUE
CUNDINAMARCA,SUESCA
CUNDINAMARCA,SUPATÁ
CUNDINAMARCA,SUSA
CUNDINAMARCA,SUTATAUSA
CUNDINAMARCA,TABIO
QUINDÍO,GÉNOVA
CUNDINAMARCA,TAUSA
CUNDINAMARCA,TENA
CUNDINAMARCA,TENJO
CUNDINAMARCA,TIBACUY
CUNDINAMARCA,TIBIRITA
CUNDINAMARCA,TOCAIMA
CUNDINAMARCA,TOCANCIPÁ
CUNDINAMARCA,TOPAIPÍ
CUNDINAMARCA,UBALÁ
CUNDINAMARCA,UBAQUE
TOLIMA,SUÁREZ
CUNDINAMARCA,UNE
CUNDINAMARCA,ÚTICA
META,CASTILLA LA NUEVA
CUNDINAMARCA,VIANÍ
CUNDINAMARCA,VILLAGÓMEZ
CUNDINAMARCA,VILLAPINZÓN
CUNDINAMARCA,VILLETA
CUNDINAMARCA,VIOTÁ
CUNDINAMARCA,ZIPACÓN
CHOCÓ,QUIBDÓ
CHOCÓ,ACANDÍ
CHOCÓ,ALTO BAUDO
CHOCÓ,ATRATO
CHOCÓ,BAGADÓ
CHOCÓ,BAHÍA SOLANO
CHOCÓ,BAJO BAUDÓ
BOYACÁ,BELÉN
CHOCÓ,BOJAYA
CHOCÓ,UNIÓN PANAMERICANA
MAGDALENA,PUEBLO VIEJO
CHOCÓ,CÉRTEGUI
CHOCÓ,CONDOTO
PUTUMAYO,VILLAGARZÓN
CUNDINAMARCA,FACATATIVÁ
CHOCÓ,JURADÓ
CHOCÓ,LLORÓ
CHOCÓ,MEDIO ATRATO
CHOCÓ,MEDIO BAUDÓ
CHOCÓ,MEDIO SAN JUAN
CHOCÓ,NÓVITA
CHOCÓ,NUQUÍ
CHOCÓ,RÍO IRO
CHOCÓ,RÍO QUITO
CHOCÓ,RIOSUCIO
CÓRDOBA,PUERTO LIBERTADOR
CHOCÓ,SIPÍ
CHOCÓ,UNGUÍA
HUILA,NEIVA
HUILA,ACEVEDO
HUILA,AGRADO
HUILA,AIPE
HUILA,ALGECIRAS
HUILA,ALTAMIRA
HUILA,BARAYA
HUILA,CAMPOALEGRE
HUILA,COLOMBIA
HUILA,ELÍAS
HUILA,GARZÓN
HUILA,GIGANTE
HUILA,GUADALUPE
HUILA,HOBO
HUILA,IQUIRA
HUILA,ISNOS
HUILA,LA ARGENTINA
HUILA,LA PLATA
CALDAS,MARQUETALIA
HUILA,NÁTAGA
HUILA,OPORAPA
HUILA,PAICOL
HUILA,PALERMO
HUILA,PALESTINA
HUILA,PITAL
HUILA,PITALITO
HUILA,RIVERA
HUILA,SALADOBLANCO
NARIÑO,ARBOLEDA
HUILA,SANTA MARÍA
HUILA,SUAZA
HUILA,TARQUI
HUILA,TESALIA
HUILA,TELLO
HUILA,TERUEL
HUILA,TIMANÁ
HUILA,VILLAVIEJA
HUILA,YAGUARÁ
LA GUAJIRA,RIOHACHA
LA GUAJIRA,ALBANIA
LA GUAJIRA,BARRANCAS
LA GUAJIRA,DIBULA
LA GUAJIRA,DISTRACCIÓN
LA GUAJIRA,EL MOLINO
LA GUAJIRA,FONSECA
LA GUAJIRA,HATONUEVO
LA GUAJIRA,MAICAO
LA GUAJIRA,MANAURE
LA GUAJIRA,URIBIA
LA GUAJIRA,URUMITA
LA GUAJIRA,VILLANUEVA
MAGDALENA,SANTA MARTA
MAGDALENA,ALGARROBO
MAGDALENA,ARACATACA
MAGDALENA,ARIGUANÍ
MAGDALENA,CERRO SAN ANTONIO
MAGDALENA,CHIVOLO
MAGDALENA,CONCORDIA
MAGDALENA,EL BANCO
MAGDALENA,EL PIÑON
MAGDALENA,EL RETÉN
MAGDALENA,FUNDACIÓN
MAGDALENA,GUAMAL
MAGDALENA,NUEVA GRANADA
MAGDALENA,PEDRAZA
MAGDALENA,PIVIJAY
MAGDALENA,PLATO
MAGDALENA,REMOLINO
MAGDALENA,SALAMINA
MAGDALENA,SAN ZENÓN
MAGDALENA,SANTA ANA
MAGDALENA,SITIONUEVO
MAGDALENA,TENERIFE
MAGDALENA,ZAPAYÁN
MAGDALENA,ZONA BANANERA
META,VILLAVICENCIO
META,ACACIAS
META,CABUYARO
META,CUBARRAL
META,CUMARAL
META,EL CALVARIO
META,EL CASTILLO
META,EL DORADO
VALLE DEL CAUCA,BUENAVENTURA
META,GRANADA
META,GUAMAL
META,MAPIRIPÁN
META,MESETAS
META,LA MACARENA
META,URIBE
META,LEJANÍAS
META,PUERTO CONCORDIA
META,PUERTO GAITÁN
META,PUERTO LÓPEZ
META,PUERTO LLERAS
META,PUERTO RICO
META,RESTREPO
MAGDALENA,CIÉNAGA
ATLÁNTICO,PONEDERA
META,SAN JUANITO
META,SAN MARTÍN
META,VISTA HERMOSA
NARIÑO,PASTO
NARIÑO,ALBÁN
NARIÑO,ALDANA
NARIÑO,ANCUYÁ
BOYACÁ,TUNUNGUÁ
NARIÑO,BARBACOAS
BOYACÁ,MOTAVITA
CÓRDOBA,SAN BERNARDO DEL VIENTO
NARIÑO,COLÓN
NARIÑO,CONSACA
NARIÑO,CONTADERO
NARIÑO,CÓRDOBA
NARIÑO,CUASPUD
NARIÑO,CUMBAL
NARIÑO,CUMBITARA
NARIÑO,EL CHARCO
NARIÑO,EL PEÑOL
NARIÑO,EL ROSARIO
CHOCÓ,ISTMINA
NARIÑO,EL TAMBO
NARIÑO,FUNES
NARIÑO,GUACHUCAL
NARIÑO,GUAITARILLA
NARIÑO,GUALMATÁN
NARIÑO,ILES
NARIÑO,IMUÉS
NARIÑO,IPIALES
NARIÑO,LA CRUZ
NARIÑO,LA FLORIDA
NARIÑO,LA LLANADA
NARIÑO,LA TOLA
NARIÑO,LA UNIÓN
NARIÑO,LEIVA
NARIÑO,LINARES
NARIÑO,LOS ANDES
NARIÑO,MAGÜÍ
NARIÑO,MALLAMA
NARIÑO,MOSQUERA
NARIÑO,NARIÑO
NARIÑO,OLAYA HERRERA
NARIÑO,OSPINA
NARIÑO,FRANCISCO PIZARRO
NARIÑO,POLICARPA
NARIÑO,POTOSÍ
NARIÑO,PROVIDENCIA
NARIÑO,PUERRES
NARIÑO,PUPIALES
NARIÑO,RICAURTE
NARIÑO,ROBERTO PAYÁN
NARIÑO,SAMANIEGO
NARIÑO,SANDONÁ
NARIÑO,SAN BERNARDO
NARIÑO,SAN LORENZO
NARIÑO,SAN PABLO
ANTIOQUIA,BELMIRA
BOYACÁ,CIÉNEGA
NARIÑO,SANTA BÁRBARA
NARIÑO,SAPUYES
NARIÑO,TAMINANGO
NARIÑO,TANGUA
NARIÑO,SANTACRUZ
NARIÑO,TÚQUERRES
NARIÑO,YACUANQUER
SANTANDER,PUERTO WILCHES
SANTANDER,PUERTO PARRA
QUINDÍO,ARMENIA
QUINDÍO,BUENAVISTA
QUINDÍO,CIRCASIA
QUINDÍO,CÓRDOBA
QUINDÍO,FILANDIA
QUINDÍO,LA TEBAIDA
QUINDÍO,MONTENEGRO
QUINDÍO,PIJAO
QUINDÍO,QUIMBAYA
QUINDÍO,SALENTO
RISARALDA,PEREIRA
RISARALDA,APÍA
RISARALDA,BALBOA
RISARALDA,DOSQUEBRADAS
RISARALDA,GUÁTICA
RISARALDA,LA CELIA
RISARALDA,LA VIRGINIA
RISARALDA,MARSELLA
RISARALDA,MISTRATÓ
RISARALDA,PUEBLO RICO
RISARALDA,QUINCHÍA
RISARALDA,SANTUARIO
SANTANDER,BUCARAMANGA
SANTANDER,AGUADA
SANTANDER,ALBANIA
SANTANDER,ARATOCA
SANTANDER,BARBOSA
SANTANDER,BARICHARA
SANTANDER,BARRANCABERMEJA
SANTANDER,BETULIA
SANTANDER,BOLÍVAR
SANTANDER,CABRERA
SANTANDER,CALIFORNIA
SANTANDER,CARCASÍ
SANTANDER,CEPITÁ
SANTANDER,CERRITO
SANTANDER,CHARALÁ
SANTANDER,CHARTA
SANTANDER,CHIPATÁ
SANTANDER,CIMITARRA
SANTANDER,CONCEPCIÓN
SANTANDER,CONFINES
SANTANDER,CONTRATACIÓN
SANTANDER,COROMORO
SANTANDER,CURITÍ
SANTANDER,EL GUACAMAYO
SANTANDER,EL PLAYÓN
SANTANDER,ENCINO
SANTANDER,ENCISO
SANTANDER,FLORIÁN
SANTANDER,FLORIDABLANCA
SANTANDER,GALÁN
SANTANDER,GAMBITA
SANTANDER,GIRÓN
SANTANDER,GUACA
SANTANDER,GUADALUPE
SANTANDER,GUAPOTÁ
SANTANDER,GUAVATÁ
SANTANDER,GÜEPSA
SANTANDER,JESÚS MARÍA
SANTANDER,JORDÁN
SANTANDER,LA BELLEZA
SANTANDER,LANDÁZURI
SANTANDER,LA PAZ
SANTANDER,LEBRÍJA
SANTANDER,LOS SANTOS
SANTANDER,MACARAVITA
SANTANDER,MÁLAGA
SANTANDER,MATANZA
SANTANDER,MOGOTES
SANTANDER,MOLAGAVITA
SANTANDER,OCAMONTE
SANTANDER,OIBA
SANTANDER,ONZAGA
SANTANDER,PALMAR
SANTANDER,PÁRAMO
SANTANDER,PIEDECUESTA
SANTANDER,PINCHOTE
SANTANDER,PUENTE NACIONAL
SANTANDER,RIONEGRO
SANTANDER,SAN ANDRÉS
SANTANDER,SAN GIL
SANTANDER,SAN JOAQUÍN
SANTANDER,SAN MIGUEL
SANTANDER,SANTA BÁRBARA
SANTANDER,SIMACOTA
SANTANDER,SOCORRO
SANTANDER,SUAITA
SANTANDER,SUCRE
SANTANDER,SURATÁ
SANTANDER,TONA
SANTANDER,VÉLEZ
SANTANDER,VETAS
SANTANDER,VILLANUEVA
SANTANDER,ZAPATOCA
SUCRE,SINCELEJO
SUCRE,BUENAVISTA
SUCRE,CAIMITO
SUCRE,COLOSO
SUCRE,COVEÑAS
SUCRE,CHALÁN
SUCRE,EL ROBLE
SUCRE,GALERAS
SUCRE,GUARANDA
SUCRE,LA UNIÓN
SUCRE,LOS PALMITOS
SUCRE,MAJAGUAL
SUCRE,MORROA
SUCRE,OVEJAS
SUCRE,PALMITO
SUCRE,SAN BENITO ABAD
SUCRE,SAN MARCOS
SUCRE,SAN ONOFRE
SUCRE,SAN PEDRO
SUCRE,SUCRE
SUCRE,TOLÚ VIEJO
TOLIMA,ALPUJARRA
TOLIMA,ALVARADO
TOLIMA,AMBALEMA
TOLIMA,ARMERO
TOLIMA,ATACO
TOLIMA,CAJAMARCA
TOLIMA,CHAPARRAL
TOLIMA,COELLO
TOLIMA,COYAIMA
TOLIMA,CUNDAY
TOLIMA,DOLORES
TOLIMA,ESPINAL
TOLIMA,FALAN
TOLIMA,FLANDES
TOLIMA,FRESNO
TOLIMA,GUAMO
TOLIMA,HERVEO
TOLIMA,HONDA
TOLIMA,ICONONZO
TOLIMA,MARIQUITA
TOLIMA,MELGAR
TOLIMA,MURILLO
TOLIMA,NATAGAIMA
TOLIMA,ORTEGA
TOLIMA,PALOCABILDO
TOLIMA,PIEDRAS
TOLIMA,PLANADAS
TOLIMA,PRADO
TOLIMA,PURIFICACIÓN
TOLIMA,RIO BLANCO
TOLIMA,RONCESVALLES
TOLIMA,ROVIRA
TOLIMA,SALDAÑA
TOLIMA,SANTA ISABEL
TOLIMA,VENADILLO
TOLIMA,VILLAHERMOSA
TOLIMA,VILLARRICA
ARAUCA,ARAUQUITA
ARAUCA,CRAVO NORTE
ARAUCA,FORTUL
ARAUCA,PUERTO RONDÓN
ARAUCA,SARAVENA
ARAUCA,TAME
ARAUCA,ARAUCA
CASANARE,YOPAL
CASANARE,AGUAZUL
CASANARE,CHÁMEZA
CASANARE,HATO COROZAL
CASANARE,LA SALINA
CASANARE,MONTERREY
CASANARE,PORE
CASANARE,RECETOR
CASANARE,SABANALARGA
CASANARE,SÁCAMA
CASANARE,TAURAMENA
CASANARE,TRINIDAD
CASANARE,VILLANUEVA
PUTUMAYO,MOCOA
PUTUMAYO,COLÓN
PUTUMAYO,ORITO
PUTUMAYO,PUERTO CAICEDO
PUTUMAYO,PUERTO GUZMÁN
PUTUMAYO,LEGUÍZAMO
PUTUMAYO,SIBUNDOY
PUTUMAYO,SAN FRANCISCO
PUTUMAYO,SAN MIGUEL
PUTUMAYO,SANTIAGO
AMAZONAS,LETICIA
AMAZONAS,EL ENCANTO
AMAZONAS,LA CHORRERA
AMAZONAS,LA PEDRERA
AMAZONAS,LA VICTORIA
AMAZONAS,PUERTO ARICA
AMAZONAS,PUERTO NARIÑO
AMAZONAS,PUERTO SANTANDER
AMAZONAS,TARAPACÁ
GUAINÍA,INÍRIDA
GUAINÍA,BARRANCO MINAS
GUAINÍA,MAPIRIPANA
GUAINÍA,SAN FELIPE
GUAINÍA,PUERTO COLOMBIA
GUAINÍA,LA GUADALUPE
GUAINÍA,CACAHUAL
GUAINÍA,PANA PANA
GUAINÍA,MORICHAL
VAUPÉS,MITÚ
VAUPÉS,CARURU
VAUPÉS,PACOA
VAUPÉS,TARAIRA
VAUPÉS,PAPUNAUA
VICHADA,PUERTO CARREÑO
VICHADA,LA PRIMAVERA
VICHADA,SANTA ROSALÍA
VICHADA,CUMARIBO
CAQUETÁ,SAN JOSÉ DEL FRAGUA
META,BARRANCA DE UPÍA
SANTANDER,PALMAS DEL SOCORRO
CUNDINAMARCA,SAN JUAN DE RÍO SECO
ATLÁNTICO,JUAN DE ACOSTA
META,FUENTE DE ORO
CASANARE,SAN LUIS DE GACENO
CHOCÓ,EL LITORAL DEL SAN JUAN
CUNDINAMARCA,VILLA DE SAN DIEGO DE UBATE
BOLÍVAR,BARRANCO DE LOBA
BOYACÁ,TOGÜÍ
BOLÍVAR,SANTA ROSA DEL SUR
CHOCÓ,EL CANTÓN DEL SAN PABLO
BOYACÁ,VILLA DE LEYVA
MAGDALENA,SAN SEBASTIÁN DE BUENAVISTA
BOYACÁ,PAZ DE RÍO
BOLÍVAR,HATILLO DE LOBA
MAGDALENA,SABANAS DE SAN ANGEL
GUAVIARE,CALAMAR
CESAR,RÍO DE ORO
ANTIOQUIA,SAN PEDRO DE URABÁ
GUAVIARE,SAN JOSÉ DEL GUAVIARE
BOYACÁ,SANTA ROSA DE VITERBO
CAUCA,SANTANDER DE QUILICHAO
GUAVIARE,MIRAFLORES
ANTIOQUIA,SANTAFÉ DE ANTIOQUIA
META,SAN CARLOS DE GUAROA
ATLÁNTICO,PALMAR DE VARELA
ANTIOQUIA,SANTA ROSA DE OSOS
ANTIOQUIA,SAN ANDRÉS DE CUERQUÍA
TOLIMA,VALLE DE SAN JUAN
SANTANDER,SAN VICENTE DE CHUCURÍ
SANTANDER,SAN JOSÉ DE MIRANDA
"ARCHIPIÉLAGO DE SAN ANDRÉS, PROVIDENCIA Y SANTA CATALINA",PROVIDENCIA
RISARALDA,SANTA ROSA DE CABAL
CUNDINAMARCA,GUAYABAL DE SIQUIMA
CAQUETÁ,BELÉN DE LOS ANDAQUIES
CASANARE,PAZ DE ARIPORO
SANTANDER,SANTA HELENA DEL OPÓN
BOYACÁ,SAN PABLO DE BORBUR
LA GUAJIRA,LA JAGUA DEL PILAR
CESAR,LA JAGUA DE IBIRICO
SUCRE,SAN LUIS DE SINCÉ
BOYACÁ,SAN LUIS DE GACENO
BOLÍVAR,EL CARMEN DE BOLÍVAR
CHOCÓ,EL CARMEN DE ATRATO
SUCRE,SAN JUAN DE BETULIA
MAGDALENA,PIJIÑO DEL CARMEN
ANTIOQUIA,VIGÍA DEL FUERTE
BOLÍVAR,SAN MARTÍN DE LOBA
BOLÍVAR,ALTOS DEL ROSARIO
TOLIMA,CARMEN DE APICALA
CUNDINAMARCA,SAN ANTONIO DEL TEQUENDAMA
SANTANDER,SABANA DE TORRES
GUAVIARE,EL RETORNO
CÓRDOBA,SAN JOSÉ DE URÉ
NARIÑO,SAN PEDRO DE CARTAGO
ATLÁNTICO,CAMPO DE LA CRUZ
META,SAN JUAN DE ARAMA
ANTIOQUIA,SAN JOSÉ DE LA MONTAÑA
CAQUETÁ,CARTAGENA DEL CHAIRÁ
CHOCÓ,SAN JOSÉ DEL PALMAR
CUNDINAMARCA,AGUA DE DIOS
BOLÍVAR,SAN JACINTO DEL CAUCA
HUILA,SAN AGUSTÍN
NARIÑO,EL TABLÓN DE GÓMEZ
"ARCHIPIÉLAGO DE SAN ANDRÉS, PROVIDENCIA Y SANTA CATALINA",SAN ANDRÉS
BOYACÁ,SAN JOSÉ DE PARE
PUTUMAYO,VALLE DE GUAMEZ
BOLÍVAR,SAN PABLO DE BORBUR
SUCRE,SANTIAGO DE TOLÚ
BOGOTÁ D.C.,BOGOTÁ D.C.
CUNDINAMARCA,CARMEN DE CARUPA
CÓRDOBA,CIÉNAGA DE ORO
ANTIOQUIA,SAN JUAN DE URABÁ
LA GUAJIRA,SAN JUAN DEL CESAR
SANTANDER,EL CARMEN DE CHUCURÍ
ANTIOQUIA,EL CARMEN DE VIBORAL
RISARALDA,BELÉN DE UMBRÍA
CHOCÓ,BELÉN DE BAJIRA
SANTANDER,VALLE DE SAN JOSÉ
TOLIMA,SAN LUIS
BOYACÁ,SAN MIGUEL DE SEMA
TOLIMA,SAN ANTONIO
SANTANDER,SAN BENITO
CUNDINAMARCA,VERGARA
CÓRDOBA,SAN CARLOS
AMAZONAS,PUERTO ALEGRÍA
SANTANDER,HATO
BOLÍVAR,SAN JACINTO
CAUCA,SAN SEBASTIÁN
ANTIOQUIA,SAN CARLOS
BOYACÁ,TUTA
NORTE DE SANTANDER,SILOS
NORTE DE SANTANDER,CÁCOTA
VALLE DEL CAUCA,EL DOVIO
NORTE DE SANTANDER,TOLEDO
VALLE DEL CAUCA,ROLDANILLO
NORTE DE SANTANDER,MUTISCUA
VALLE DEL CAUCA,ARGELIA
NORTE DE SANTANDER,EL ZULIA
NORTE DE SANTANDER,SALAZAR
VALLE DEL CAUCA,SEVILLA
VALLE DEL CAUCA,ZARZAL
NORTE DE SANTANDER,CUCUTILLA
VALLE DEL CAUCA,EL CERRITO
VALLE DEL CAUCA,CARTAGO
VALLE DEL CAUCA,CAICEDONIA
NORTE DE SANTANDER,PUERTO SANTANDER
NORTE DE SANTANDER,GRAMALOTE
VALLE DEL CAUCA,EL CAIRO
NORTE DE SANTANDER,EL TARRA
VALLE DEL CAUCA,LA UNIÓN
VALLE DEL CAUCA,RESTREPO
NORTE DE SANTANDER,TEORAMA
VALLE DEL CAUCA,DAGUA
NORTE DE SANTANDER,ARBOLEDAS
VALLE DEL CAUCA,GUACARÍ
NORTE DE SANTANDER,LOURDES
VALLE DEL CAUCA,ANSERMANUEVO
NORTE DE SANTANDER,BOCHALEMA
VALLE DEL CAUCA,BUGALAGRANDE
NORTE DE SANTANDER,CONVENCIÓN
NORTE DE SANTANDER,HACARÍ
VALLE DEL CAUCA,LA VICTORIA
NORTE DE SANTANDER,HERRÁN
VALLE DEL CAUCA,GINEBRA
VALLE DEL CAUCA,YUMBO
VALLE DEL CAUCA,OBANDO
NORTE DE SANTANDER,TIBÚ
NORTE DE SANTANDER,SAN CAYETANO
NORTE DE SANTANDER,SAN CALIXTO
VALLE DEL CAUCA,BOLÍVAR
NORTE DE SANTANDER,LA PLAYA
VALLE DEL CAUCA,CALI
VALLE DEL CAUCA,SAN PEDRO
VALLE DEL CAUCA,GUADALAJARA DE BUGA
NORTE DE SANTANDER,CHINÁCOTA
NORTE DE SANTANDER,RAGONVALIA
NORTE DE SANTANDER,LA ESPERANZA
NORTE DE SANTANDER,VILLA DEL ROSARIO
NORTE DE SANTANDER,CHITAGÁ
VALLE DEL CAUCA,CALIMA
NORTE DE SANTANDER,SARDINATA
VALLE DEL CAUCA,ANDALUCÍA
VALLE DEL CAUCA,PRADERA
NORTE DE SANTANDER,ABREGO
NORTE DE SANTANDER,LOS PATIOS
NORTE DE SANTANDER,OCAÑA
NORTE DE SANTANDER,BUCARASICA
VALLE DEL CAUCA,YOTOCO
VALLE DEL CAUCA,PALMIRA
VALLE DEL CAUCA,RIOFRÍO
NORTE DE SANTANDER,SANTIAGO
VALLE DEL CAUCA,ALCALÁ
VALLE DEL CAUCA,VERSALLES
NORTE DE SANTANDER,LABATECA
NORTE DE SANTANDER,CACHIRÁ
NORTE DE SANTANDER,VILLA CARO
NORTE DE SANTANDER,DURANIA
VALLE DEL CAUCA,EL ÁGUILA
VALLE DEL CAUCA,TORO
VALLE DEL CAUCA,CANDELARIA
VALLE DEL CAUCA,LA CUMBRE
VALLE DEL CAUCA,ULLOA
VALLE DEL CAUCA,TRUJILLO
VALLE DEL CAUCA,VIJES
